timestamp,ip_address,failed_attempts,login_success,location,device_type
2026-05-14 15:33:32,10.0.0.6,2,1,US,Desktop
2026-05-14 15:48:32,10.0.0.96,1,1,IN,Tablet
2026-05-14 16:03:30,10.0.0.90,1,1,DE,Desktop
2026-05-14 16:18:45,10.0.0.44,1,1,DE,Tablet
2026-05-14 16:34:00,10.0.0.8,2,1,UK,Desktop
2026-05-14 16:48:19,10.0.0.97,0,1,UK,Mobile
2026-05-14 17:03:25,10.0.0.70,2,1,DE,Tablet
2026-05-14 17:18:36,10.0.0.75,0,1,IN,Mobile
2026-05-14 17:33:23,10.0.0.36,2,1,FR,Tablet
2026-05-14 17:48:17,10.0.0.66,2,1,US,Mobile
2026-05-14 18:03:57,10.0.0.71,2,1,UK,Tablet
2026-05-14 18:19:00,10.0.0.100,2,1,IN,Mobile
2026-05-14 18:33:48,10.0.0.7,3,0,FR,Mobile
2026-05-14 18:48:11,10.0.0.36,2,1,IN,Tablet
2026-05-14 19:03:41,10.0.0.37,0,1,DE,Mobile
2026-05-14 19:18:23,10.0.0.2,2,1,DE,Tablet
2026-05-14 19:33:27,10.0.0.73,3,0,DE,Desktop
2026-05-14 19:48:34,10.0.0.24,1,1,US,Tablet
2026-05-14 20:03:35,192.168.1.138,25,0,CN,Desktop
2026-05-14 20:18:58,192.168.1.208,40,0,CN,Desktop
2026-05-14 20:33:24,10.0.0.67,2,1,UK,Mobile
2026-05-14 20:48:57,192.168.1.179,39,0,RU,Desktop
2026-05-14 21:03:44,10.0.0.43,2,1,US,Tablet
2026-05-14 21:18:17,10.0.0.85,1,1,IN,Mobile
2026-05-14 21:33:58,10.0.0.73,0,1,DE,Mobile
2026-05-14 21:49:06,10.0.0.96,0,1,FR,Mobile
2026-05-14 22:04:04,10.0.0.71,3,0,FR,Tablet
2026-05-14 22:19:05,10.0.0.38,3,0,FR,Tablet
2026-05-14 22:33:48,10.0.0.32,2,1,UK,Desktop
2026-05-14 22:48:29,10.0.0.88,2,1,IN,Mobile
2026-05-14 23:03:15,10.0.0.27,2,1,US,Mobile
2026-05-14 23:18:34,10.0.0.46,0,1,DE,Mobile
2026-05-14 23:34:06,10.0.0.36,0,1,US,Desktop
2026-05-14 23:48:10,10.0.0.59,1,1,IN,Tablet
2026-05-15 00:03:33,10.0.0.43,0,1,IN,Tablet
2026-05-15 00:18:17,192.168.1.164,49,0,CN,Desktop
2026-05-15 00:33:34,10.0.0.38,1,1,DE,Desktop
2026-05-15 00:48:18,10.0.0.40,2,1,FR,Desktop
2026-05-15 01:04:06,10.0.0.72,1,1,US,Mobile
2026-05-15 01:19:07,10.0.0.22,0,1,IN,Desktop
2026-05-15 01:33:10,10.0.0.34,1,1,IN,Mobile
2026-05-15 01:48:36,10.0.0.67,3,0,DE,Tablet
2026-05-15 02:03:10,10.0.0.42,1,1,UK,Mobile
2026-05-15 02:18:31,192.168.1.209,50,0,CN,Desktop
2026-05-15 02:33:33,10.0.0.61,0,1,DE,Desktop
2026-05-15 02:48:35,10.0.0.60,2,1,IN,Mobile
2026-05-15 03:04:02,10.0.0.67,1,1,DE,Mobile
2026-05-15 03:18:52,10.0.0.88,0,1,DE,Desktop
2026-05-15 03:33:56,10.0.0.23,0,1,US,Desktop
2026-05-15 03:48:46,10.0.0.69,1,1,UK,Tablet
2026-05-15 04:03:42,10.0.0.6,2,1,UK,Desktop
2026-05-15 04:19:06,10.0.0.17,1,1,DE,Mobile
2026-05-15 04:34:02,10.0.0.33,3,0,UK,Tablet
2026-05-15 04:48:48,10.0.0.1,1,1,FR,Tablet
2026-05-15 05:03:22,10.0.0.68,2,1,DE,Mobile
2026-05-15 05:18:20,10.0.0.46,1,1,DE,Mobile
2026-05-15 05:33:50,10.0.0.73,2,1,UK,Tablet
2026-05-15 05:48:13,10.0.0.29,3,0,FR,Tablet
2026-05-15 06:03:55,10.0.0.26,3,0,IN,Tablet
2026-05-15 06:18:24,10.0.0.92,3,0,DE,Desktop
2026-05-15 06:34:04,10.0.0.100,0,1,FR,Tablet
2026-05-15 06:48:26,10.0.0.15,3,0,US,Mobile
2026-05-15 07:03:50,10.0.0.93,3,0,DE,Desktop
2026-05-15 07:19:02,10.0.0.14,3,0,IN,Desktop
2026-05-15 07:33:22,10.0.0.49,1,1,UK,Tablet
2026-05-15 07:48:20,10.0.0.52,2,1,DE,Mobile
2026-05-15 08:04:00,10.0.0.57,2,1,FR,Mobile
2026-05-15 08:18:14,10.0.0.29,1,1,US,Tablet
2026-05-15 08:33:52,10.0.0.16,1,1,IN,Tablet
2026-05-15 08:48:42,10.0.0.70,2,1,IN,Desktop
2026-05-15 09:04:03,10.0.0.86,3,0,IN,Mobile
2026-05-15 09:18:18,10.0.0.46,3,0,DE,Desktop
2026-05-15 09:33:57,10.0.0.20,1,1,IN,Desktop
2026-05-15 09:48:18,10.0.0.34,1,1,FR,Mobile
2026-05-15 10:03:22,10.0.0.85,2,1,IN,Mobile
2026-05-15 10:18:45,10.0.0.97,3,0,FR,Desktop
2026-05-15 10:34:09,192.168.1.109,31,0,CN,Desktop
2026-05-15 10:48:53,10.0.0.7,3,0,FR,Mobile
2026-05-15 11:04:05,10.0.0.86,1,1,UK,Mobile
2026-05-15 11:19:08,10.0.0.96,3,0,DE,Mobile
2026-05-15 11:33:22,10.0.0.69,0,1,IN,Tablet
2026-05-15 11:48:27,10.0.0.23,1,1,US,Tablet
2026-05-15 12:03:21,10.0.0.18,3,0,IN,Mobile
2026-05-15 12:18:45,10.0.0.29,1,1,IN,Desktop
2026-05-15 12:33:32,10.0.0.95,0,1,FR,Tablet
2026-05-15 12:48:25,10.0.0.17,0,1,US,Mobile
2026-05-15 13:03:41,192.168.1.195,49,0,RU,Desktop
2026-05-15 13:19:03,10.0.0.54,2,1,IN,Mobile
2026-05-15 13:33:30,10.0.0.99,2,1,US,Mobile
2026-05-15 13:49:02,10.0.0.17,1,1,DE,Desktop
2026-05-15 14:03:30,10.0.0.18,2,1,FR,Mobile
2026-05-15 14:18:53,10.0.0.41,2,1,US,Desktop
2026-05-15 14:33:17,10.0.0.4,3,0,FR,Mobile
2026-05-15 14:48:57,10.0.0.61,3,0,DE,Desktop
2026-05-15 15:03:46,10.0.0.84,3,0,US,Mobile
2026-05-15 15:19:04,10.0.0.80,2,1,DE,Tablet
2026-05-15 15:33:49,10.0.0.56,1,1,IN,Mobile
2026-05-15 15:48:17,10.0.0.47,3,0,US,Mobile
2026-05-15 16:03:14,10.0.0.66,1,1,US,Desktop
2026-05-15 16:18:56,10.0.0.39,0,1,IN,Tablet
2026-05-15 16:33:34,10.0.0.10,1,1,FR,Desktop
2026-05-15 16:48:19,10.0.0.25,1,1,UK,Desktop
2026-05-15 17:03:49,10.0.0.99,2,1,DE,Mobile
2026-05-15 17:18:20,10.0.0.76,1,1,IN,Desktop
2026-05-15 17:33:39,10.0.0.26,1,1,DE,Mobile
2026-05-15 17:48:53,10.0.0.87,1,1,IN,Tablet
2026-05-15 18:03:25,10.0.0.91,0,1,US,Desktop
2026-05-15 18:18:23,10.0.0.22,0,1,US,Tablet
2026-05-15 18:33:12,10.0.0.15,0,1,DE,Mobile
2026-05-15 18:48:15,10.0.0.1,0,1,IN,Desktop
2026-05-15 19:04:03,10.0.0.17,2,1,US,Desktop
2026-05-15 19:18:22,10.0.0.62,3,0,US,Desktop
2026-05-15 19:33:18,10.0.0.7,2,1,FR,Desktop
2026-05-15 19:48:16,10.0.0.18,1,1,UK,Tablet
2026-05-15 20:04:09,10.0.0.99,1,1,US,Desktop
2026-05-15 20:18:42,10.0.0.12,1,1,US,Tablet
2026-05-15 20:33:16,10.0.0.10,1,1,FR,Mobile
2026-05-15 20:48:10,10.0.0.27,0,1,FR,Tablet
2026-05-15 21:04:09,10.0.0.4,1,1,FR,Mobile
2026-05-15 21:18:26,10.0.0.25,2,1,FR,Desktop
2026-05-15 21:33:42,10.0.0.49,3,0,US,Tablet
2026-05-15 21:48:14,10.0.0.57,3,0,UK,Tablet
2026-05-15 22:03:16,10.0.0.86,1,1,DE,Mobile
2026-05-15 22:18:24,10.0.0.24,0,1,US,Tablet
2026-05-15 22:33:40,10.0.0.50,1,1,DE,Tablet
2026-05-15 22:48:54,10.0.0.24,1,1,US,Desktop
2026-05-15 23:04:06,10.0.0.86,3,0,DE,Tablet
2026-05-15 23:18:11,10.0.0.6,2,1,DE,Tablet
2026-05-15 23:33:26,10.0.0.67,0,1,IN,Mobile
2026-05-15 23:48:42,10.0.0.78,3,0,DE,Desktop
2026-05-16 00:03:23,10.0.0.1,3,0,IN,Tablet
2026-05-16 00:18:10,10.0.0.97,3,0,UK,Tablet
2026-05-16 00:33:37,10.0.0.76,2,1,DE,Tablet
2026-05-16 00:49:06,10.0.0.39,2,1,UK,Desktop
2026-05-16 01:04:06,10.0.0.51,1,1,DE,Mobile
2026-05-16 01:18:41,10.0.0.17,1,1,UK,Mobile
2026-05-16 01:33:26,10.0.0.67,1,1,IN,Desktop
2026-05-16 01:48:56,10.0.0.100,3,0,FR,Tablet
2026-05-16 02:03:43,10.0.0.65,3,0,US,Tablet
2026-05-16 02:18:36,192.168.1.211,27,0,CN,Desktop
2026-05-16 02:33:23,10.0.0.68,3,0,FR,Mobile
2026-05-16 02:48:14,10.0.0.13,0,1,US,Mobile
2026-05-16 03:04:04,10.0.0.46,3,0,IN,Desktop
2026-05-16 03:18:11,10.0.0.45,1,1,UK,Mobile
2026-05-16 03:33:31,10.0.0.14,1,1,FR,Tablet
2026-05-16 03:49:07,10.0.0.10,0,1,UK,Tablet
2026-05-16 04:03:17,10.0.0.35,3,0,IN,Mobile
2026-05-16 04:18:55,10.0.0.90,3,0,US,Desktop
2026-05-16 04:33:26,10.0.0.8,2,1,UK,Mobile
2026-05-16 04:48:57,10.0.0.88,0,1,DE,Desktop
2026-05-16 05:03:22,10.0.0.82,2,1,IN,Desktop
2026-05-16 05:18:31,10.0.0.42,2,1,US,Tablet
2026-05-16 05:33:11,10.0.0.12,1,1,US,Tablet
2026-05-16 05:48:14,10.0.0.39,1,1,US,Mobile
2026-05-16 06:03:35,10.0.0.95,2,1,IN,Tablet
2026-05-16 06:18:39,10.0.0.38,0,1,DE,Desktop
2026-05-16 06:33:58,10.0.0.4,3,0,DE,Mobile
2026-05-16 06:48:17,192.168.1.158,41,0,RU,Desktop
2026-05-16 07:03:18,10.0.0.61,0,1,IN,Desktop
2026-05-16 07:19:07,10.0.0.63,3,0,DE,Tablet
2026-05-16 07:34:09,10.0.0.25,3,0,UK,Tablet
2026-05-16 07:48:54,192.168.1.152,38,0,RU,Desktop
2026-05-16 08:03:30,10.0.0.54,3,0,UK,Tablet
2026-05-16 08:18:35,10.0.0.32,1,1,UK,Tablet
2026-05-16 08:33:30,10.0.0.64,1,1,UK,Desktop
2026-05-16 08:48:52,10.0.0.26,1,1,DE,Mobile
2026-05-16 09:03:57,10.0.0.59,0,1,US,Mobile
2026-05-16 09:18:14,10.0.0.63,0,1,US,Desktop
2026-05-16 09:33:20,10.0.0.38,3,0,FR,Tablet
2026-05-16 09:48:38,10.0.0.54,1,1,UK,Mobile
2026-05-16 10:03:46,10.0.0.89,2,1,UK,Mobile
2026-05-16 10:18:46,10.0.0.29,1,1,FR,Mobile
2026-05-16 10:34:01,10.0.0.49,1,1,IN,Mobile
2026-05-16 10:48:47,10.0.0.3,3,0,FR,Tablet
2026-05-16 11:03:09,10.0.0.62,2,1,UK,Tablet
2026-05-16 11:18:31,10.0.0.71,1,1,FR,Mobile
2026-05-16 11:34:02,10.0.0.42,0,1,DE,Mobile
2026-05-16 11:48:43,10.0.0.61,1,1,UK,Tablet
2026-05-16 12:03:21,10.0.0.32,3,0,UK,Mobile
2026-05-16 12:18:31,10.0.0.17,0,1,IN,Desktop
2026-05-16 12:34:07,10.0.0.30,2,1,UK,Tablet
2026-05-16 12:49:02,10.0.0.79,0,1,US,Tablet
2026-05-16 13:03:54,10.0.0.67,1,1,DE,Mobile
2026-05-16 13:18:09,10.0.0.63,2,1,FR,Mobile
2026-05-16 13:33:12,10.0.0.99,0,1,FR,Desktop
2026-05-16 13:48:42,10.0.0.54,1,1,US,Tablet
2026-05-16 14:03:15,10.0.0.34,2,1,UK,Mobile
2026-05-16 14:18:15,10.0.0.54,3,0,FR,Tablet
2026-05-16 14:33:52,10.0.0.43,2,1,DE,Tablet
2026-05-16 14:48:45,10.0.0.68,1,1,FR,Mobile
2026-05-16 15:04:05,10.0.0.30,1,1,FR,Tablet
2026-05-16 15:18:52,10.0.0.12,0,1,DE,Tablet
2026-05-16 15:33:54,10.0.0.94,3,0,UK,Desktop
2026-05-16 15:48:32,10.0.0.24,0,1,DE,Mobile
2026-05-16 16:03:17,10.0.0.26,3,0,IN,Tablet
2026-05-16 16:18:57,10.0.0.41,0,1,DE,Tablet
2026-05-16 16:33:58,10.0.0.37,1,1,DE,Desktop
2026-05-16 16:48:23,10.0.0.16,2,1,US,Mobile
2026-05-16 17:03:29,10.0.0.93,2,1,FR,Tablet
2026-05-16 17:18:28,192.168.1.201,15,0,CN,Desktop
2026-05-16 17:33:59,10.0.0.98,0,1,US,Desktop
2026-05-16 17:48:54,10.0.0.77,0,1,IN,Tablet
2026-05-16 18:03:55,10.0.0.51,0,1,UK,Mobile
2026-05-16 18:18:41,10.0.0.65,1,1,UK,Mobile
2026-05-16 18:33:55,192.168.1.208,15,0,CN,Desktop
2026-05-16 18:49:00,10.0.0.13,1,1,DE,Desktop
2026-05-16 19:03:48,10.0.0.1,1,1,UK,Desktop
2026-05-16 19:19:05,10.0.0.43,0,1,UK,Mobile
2026-05-16 19:33:22,10.0.0.53,1,1,IN,Mobile
2026-05-16 19:48:27,10.0.0.49,1,1,FR,Desktop
2026-05-16 20:03:27,10.0.0.6,1,1,UK,Desktop
2026-05-16 20:18:34,10.0.0.54,0,1,UK,Mobile
2026-05-16 20:33:47,10.0.0.65,3,0,UK,Mobile
2026-05-16 20:48:25,10.0.0.67,0,1,US,Mobile
2026-05-16 21:03:17,10.0.0.81,3,0,DE,Tablet
2026-05-16 21:18:42,10.0.0.51,0,1,FR,Desktop
2026-05-16 21:33:30,10.0.0.76,3,0,US,Desktop
2026-05-16 21:48:16,10.0.0.16,3,0,UK,Mobile
2026-05-16 22:04:05,10.0.0.79,1,1,UK,Mobile
2026-05-16 22:18:54,10.0.0.98,3,0,IN,Mobile
2026-05-16 22:33:55,10.0.0.83,1,1,DE,Desktop
2026-05-16 22:49:06,10.0.0.33,0,1,US,Tablet
2026-05-16 23:03:14,10.0.0.71,3,0,FR,Mobile
2026-05-16 23:18:16,10.0.0.50,0,1,FR,Mobile
2026-05-16 23:33:43,192.168.1.246,47,0,RU,Desktop
2026-05-16 23:48:40,10.0.0.68,0,1,DE,Mobile
2026-05-17 00:03:33,10.0.0.33,2,1,DE,Desktop
2026-05-17 00:18:28,10.0.0.75,1,1,IN,Mobile
2026-05-17 00:33:57,10.0.0.85,0,1,US,Desktop
2026-05-17 00:48:34,10.0.0.68,3,0,UK,Mobile
2026-05-17 01:03:55,10.0.0.9,0,1,IN,Mobile
2026-05-17 01:18:41,10.0.0.58,0,1,FR,Tablet
2026-05-17 01:33:31,10.0.0.98,2,1,US,Tablet
2026-05-17 01:49:09,10.0.0.87,3,0,FR,Tablet
2026-05-17 02:03:26,10.0.0.75,0,1,DE,Desktop
2026-05-17 02:18:38,10.0.0.21,2,1,IN,Tablet
2026-05-17 02:33:34,10.0.0.1,3,0,UK,Mobile
2026-05-17 02:48:13,10.0.0.66,2,1,FR,Mobile
2026-05-17 03:03:42,192.168.1.132,50,0,CN,Desktop
2026-05-17 03:18:34,10.0.0.93,2,1,UK,Tablet
2026-05-17 03:33:55,10.0.0.41,0,1,IN,Mobile
2026-05-17 03:48:49,10.0.0.64,2,1,DE,Tablet
2026-05-17 04:03:20,10.0.0.90,2,1,UK,Desktop
2026-05-17 04:18:15,10.0.0.66,1,1,DE,Tablet
2026-05-17 04:33:52,10.0.0.43,2,1,UK,Mobile
2026-05-17 04:48:53,10.0.0.83,1,1,FR,Mobile
2026-05-17 05:03:29,10.0.0.63,3,0,IN,Mobile
2026-05-17 05:18:40,10.0.0.2,3,0,US,Tablet
2026-05-17 05:34:00,10.0.0.27,0,1,DE,Tablet
2026-05-17 05:48:52,192.168.1.232,31,0,RU,Desktop
2026-05-17 06:03:53,10.0.0.6,1,1,IN,Desktop
2026-05-17 06:18:18,10.0.0.82,1,1,US,Mobile
2026-05-17 06:33:37,10.0.0.37,0,1,IN,Desktop
2026-05-17 06:48:16,10.0.0.39,0,1,UK,Mobile
2026-05-17 07:04:04,192.168.1.188,50,0,RU,Desktop
2026-05-17 07:18:41,10.0.0.60,2,1,FR,Tablet
2026-05-17 07:34:03,10.0.0.16,3,0,IN,Tablet
2026-05-17 07:48:15,10.0.0.18,3,0,US,Tablet
2026-05-17 08:04:00,10.0.0.12,3,0,FR,Tablet
2026-05-17 08:18:49,10.0.0.28,1,1,UK,Mobile
2026-05-17 08:33:46,10.0.0.83,3,0,FR,Desktop
2026-05-17 08:48:41,10.0.0.10,2,1,UK,Desktop
2026-05-17 09:03:41,10.0.0.53,0,1,FR,Tablet
2026-05-17 09:18:28,10.0.0.1,2,1,FR,Desktop
2026-05-17 09:33:52,10.0.0.95,3,0,DE,Tablet
2026-05-17 09:48:58,10.0.0.55,2,1,UK,Tablet
2026-05-17 10:03:20,10.0.0.64,1,1,UK,Desktop
2026-05-17 10:18:52,10.0.0.1,2,1,IN,Desktop
2026-05-17 10:33:11,10.0.0.40,1,1,DE,Desktop
2026-05-17 10:48:13,10.0.0.6,2,1,DE,Tablet
2026-05-17 11:03:40,10.0.0.9,2,1,DE,Mobile
2026-05-17 11:18:55,10.0.0.20,0,1,FR,Mobile
2026-05-17 11:33:45,10.0.0.62,2,1,FR,Desktop
2026-05-17 11:48:15,10.0.0.26,0,1,US,Mobile
2026-05-17 12:03:55,10.0.0.51,3,0,DE,Tablet
2026-05-17 12:18:58,10.0.0.18,2,1,IN,Tablet
2026-05-17 12:33:53,10.0.0.20,2,1,IN,Tablet
2026-05-17 12:48:50,10.0.0.44,2,1,IN,Desktop
2026-05-17 13:03:56,10.0.0.93,2,1,IN,Desktop
2026-05-17 13:18:51,10.0.0.23,2,1,DE,Mobile
2026-05-17 13:33:18,10.0.0.47,3,0,DE,Mobile
2026-05-17 13:48:44,192.168.1.119,10,0,RU,Desktop
2026-05-17 14:03:52,10.0.0.85,3,0,UK,Desktop
2026-05-17 14:18:22,10.0.0.73,2,1,FR,Tablet
2026-05-17 14:33:39,10.0.0.48,1,1,DE,Desktop
2026-05-17 14:48:45,192.168.1.175,10,0,CN,Desktop
2026-05-17 15:03:29,10.0.0.66,1,1,DE,Mobile
2026-05-17 15:18:53,10.0.0.92,0,1,FR,Desktop
2026-05-17 15:33:54,10.0.0.63,1,1,FR,Mobile
2026-05-17 15:48:09,10.0.0.25,0,1,US,Desktop
2026-05-17 16:03:56,10.0.0.70,1,1,UK,Mobile
2026-05-17 16:18:56,10.0.0.86,2,1,FR,Tablet
2026-05-17 16:33:09,10.0.0.74,1,1,IN,Mobile
2026-05-17 16:48:42,10.0.0.11,3,0,US,Mobile
2026-05-17 17:03:42,10.0.0.51,2,1,DE,Desktop
2026-05-17 17:18:26,10.0.0.94,0,1,US,Tablet
2026-05-17 17:33:34,10.0.0.93,3,0,FR,Mobile
2026-05-17 17:49:05,10.0.0.20,3,0,UK,Mobile
2026-05-17 18:03:59,10.0.0.8,2,1,IN,Desktop
2026-05-17 18:18:23,10.0.0.57,3,0,DE,Tablet
2026-05-17 18:33:24,10.0.0.62,2,1,FR,Mobile
2026-05-17 18:48:31,10.0.0.84,3,0,DE,Tablet
2026-05-17 19:03:44,10.0.0.91,0,1,IN,Desktop
2026-05-17 19:18:14,10.0.0.3,2,1,IN,Tablet
2026-05-17 19:33:13,10.0.0.50,1,1,FR,Mobile
2026-05-17 19:48:37,10.0.0.51,0,1,DE,Mobile
2026-05-17 20:04:00,10.0.0.47,1,1,DE,Tablet
2026-05-17 20:19:03,10.0.0.85,0,1,DE,Tablet
2026-05-17 20:33:47,192.168.1.246,28,0,CN,Desktop
2026-05-17 20:48:42,10.0.0.94,0,1,FR,Desktop
2026-05-17 21:03:20,10.0.0.98,0,1,FR,Tablet
2026-05-17 21:18:28,10.0.0.92,0,1,UK,Tablet
2026-05-17 21:34:03,10.0.0.28,3,0,FR,Mobile
2026-05-17 21:48:33,10.0.0.53,2,1,IN,Desktop
2026-05-17 22:03:21,10.0.0.97,1,1,DE,Mobile
2026-05-17 22:18:12,10.0.0.72,3,0,FR,Mobile
2026-05-17 22:33:22,10.0.0.47,2,1,DE,Mobile
2026-05-17 22:48:40,10.0.0.73,2,1,FR,Tablet
2026-05-17 23:03:11,10.0.0.96,1,1,DE,Mobile
2026-05-17 23:18:12,10.0.0.33,0,1,FR,Mobile
2026-05-17 23:33:34,10.0.0.72,1,1,UK,Mobile
2026-05-17 23:48:42,10.0.0.51,3,0,US,Tablet
2026-05-18 00:03:49,10.0.0.68,0,1,IN,Desktop
2026-05-18 00:18:41,192.168.1.238,46,0,RU,Desktop
2026-05-18 00:33:41,10.0.0.26,2,1,UK,Tablet
2026-05-18 00:49:04,192.168.1.176,43,0,CN,Desktop
2026-05-18 01:03:19,10.0.0.50,2,1,FR,Mobile
2026-05-18 01:18:37,10.0.0.82,0,1,IN,Desktop
2026-05-18 01:33:22,10.0.0.83,0,1,US,Desktop
2026-05-18 01:48:50,10.0.0.50,1,1,IN,Desktop
2026-05-18 02:04:03,10.0.0.91,2,1,FR,Desktop
2026-05-18 02:19:04,10.0.0.66,3,0,IN,Mobile
2026-05-18 02:34:05,10.0.0.62,1,1,US,Mobile
2026-05-18 02:49:08,10.0.0.50,2,1,IN,Mobile
2026-05-18 03:03:46,10.0.0.73,2,1,US,Mobile
2026-05-18 03:18:26,10.0.0.58,3,0,UK,Tablet
2026-05-18 03:33:25,10.0.0.44,2,1,UK,Tablet
2026-05-18 03:48:32,10.0.0.28,2,1,DE,Mobile
2026-05-18 04:03:47,10.0.0.36,0,1,IN,Tablet
2026-05-18 04:19:09,192.168.1.242,17,0,RU,Desktop
2026-05-18 04:33:32,10.0.0.40,3,0,DE,Tablet
2026-05-18 04:48:31,10.0.0.30,2,1,IN,Mobile
2026-05-18 05:03:10,10.0.0.89,1,1,FR,Desktop
2026-05-18 05:19:01,10.0.0.33,0,1,US,Mobile
2026-05-18 05:33:41,10.0.0.83,1,1,DE,Mobile
2026-05-18 05:48:34,10.0.0.96,0,1,US,Mobile
2026-05-18 06:03:17,10.0.0.64,2,1,DE,Desktop
2026-05-18 06:18:19,10.0.0.84,3,0,FR,Desktop
2026-05-18 06:33:18,10.0.0.22,1,1,UK,Mobile
2026-05-18 06:48:23,10.0.0.38,0,1,US,Tablet
2026-05-18 07:03:48,10.0.0.91,0,1,US,Desktop
2026-05-18 07:19:08,10.0.0.71,1,1,US,Mobile
2026-05-18 07:33:56,192.168.1.117,19,0,CN,Desktop
2026-05-18 07:48:17,10.0.0.27,3,0,UK,Desktop
2026-05-18 08:04:02,10.0.0.24,0,1,IN,Desktop
2026-05-18 08:18:28,10.0.0.84,1,1,IN,Mobile
2026-05-18 08:33:22,192.168.1.137,36,0,RU,Desktop
2026-05-18 08:48:20,10.0.0.48,1,1,UK,Mobile
2026-05-18 09:03:21,10.0.0.87,1,1,IN,Tablet
2026-05-18 09:19:02,10.0.0.35,3,0,US,Tablet
2026-05-18 09:33:37,10.0.0.52,1,1,DE,Mobile
2026-05-18 09:48:26,10.0.0.11,0,1,IN,Tablet
2026-05-18 10:03:53,10.0.0.87,1,1,US,Desktop
2026-05-18 10:18:16,10.0.0.98,0,1,FR,Tablet
2026-05-18 10:33:29,10.0.0.40,3,0,DE,Desktop
2026-05-18 10:48:27,10.0.0.94,1,1,UK,Tablet
2026-05-18 11:03:48,192.168.1.166,23,0,CN,Desktop
2026-05-18 11:18:32,192.168.1.254,30,0,CN,Desktop
2026-05-18 11:34:04,10.0.0.72,2,1,IN,Desktop
2026-05-18 11:49:03,10.0.0.14,0,1,UK,Mobile
2026-05-18 12:03:11,10.0.0.19,1,1,FR,Tablet
2026-05-18 12:19:05,10.0.0.77,2,1,US,Desktop
2026-05-18 12:33:47,10.0.0.33,2,1,FR,Desktop
2026-05-18 12:48:52,10.0.0.88,0,1,DE,Desktop
2026-05-18 13:03:27,10.0.0.75,3,0,UK,Desktop
2026-05-18 13:18:16,192.168.1.138,50,0,RU,Desktop
2026-05-18 13:33:22,10.0.0.54,2,1,US,Mobile
2026-05-18 13:48:15,10.0.0.97,1,1,UK,Mobile
2026-05-18 14:03:54,10.0.0.69,2,1,IN,Tablet
2026-05-18 14:18:17,10.0.0.66,0,1,DE,Desktop
2026-05-18 14:33:41,10.0.0.82,2,1,US,Desktop
2026-05-18 14:49:07,10.0.0.81,1,1,US,Tablet
2026-05-18 15:03:11,10.0.0.95,3,0,FR,Mobile
2026-05-18 15:18:44,10.0.0.42,2,1,DE,Desktop
2026-05-18 15:33:40,10.0.0.57,3,0,UK,Desktop
2026-05-18 15:48:17,10.0.0.87,1,1,US,Desktop
2026-05-18 16:03:51,10.0.0.69,3,0,US,Tablet
2026-05-18 16:19:00,10.0.0.2,3,0,IN,Desktop
2026-05-18 16:33:44,10.0.0.43,0,1,US,Tablet
2026-05-18 16:48:36,10.0.0.30,1,1,IN,Desktop
2026-05-18 17:03:36,10.0.0.60,3,0,US,Desktop
2026-05-18 17:18:27,10.0.0.17,0,1,DE,Tablet
2026-05-18 17:33:30,10.0.0.41,2,1,UK,Tablet
2026-05-18 17:48:41,10.0.0.31,2,1,FR,Mobile
2026-05-18 18:04:08,10.0.0.4,0,1,UK,Mobile
2026-05-18 18:18:44,10.0.0.49,0,1,US,Mobile
2026-05-18 18:33:34,10.0.0.45,3,0,US,Tablet
2026-05-18 18:48:48,10.0.0.69,2,1,FR,Desktop
2026-05-18 19:03:28,10.0.0.54,3,0,UK,Desktop
2026-05-18 19:18:39,10.0.0.90,1,1,US,Mobile
2026-05-18 19:33:57,10.0.0.59,0,1,FR,Mobile
2026-05-18 19:48:54,10.0.0.40,1,1,DE,Desktop
2026-05-18 20:03:58,10.0.0.64,0,1,IN,Mobile
2026-05-18 20:19:01,192.168.1.183,31,0,CN,Desktop
2026-05-18 20:33:57,10.0.0.20,3,0,IN,Desktop
2026-05-18 20:48:53,10.0.0.45,1,1,US,Mobile
2026-05-18 21:03:48,10.0.0.47,0,1,DE,Mobile
2026-05-18 21:18:09,192.168.1.123,49,0,RU,Desktop
2026-05-18 21:33:43,10.0.0.74,2,1,DE,Desktop
2026-05-18 21:48:23,10.0.0.32,0,1,IN,Mobile
2026-05-18 22:03:56,10.0.0.67,0,1,UK,Tablet
2026-05-18 22:18:16,10.0.0.58,2,1,US,Desktop
2026-05-18 22:33:37,10.0.0.67,2,1,IN,Desktop
2026-05-18 22:48:29,10.0.0.53,1,1,FR,Tablet
2026-05-18 23:04:03,10.0.0.18,2,1,FR,Mobile
2026-05-18 23:18:10,10.0.0.30,1,1,FR,Mobile
2026-05-18 23:34:04,10.0.0.13,0,1,UK,Tablet
2026-05-18 23:48:14,10.0.0.2,2,1,UK,Mobile
2026-05-19 00:03:14,10.0.0.95,2,1,IN,Tablet
2026-05-19 00:18:28,10.0.0.77,2,1,FR,Mobile
2026-05-19 00:33:48,10.0.0.1,0,1,FR,Tablet
2026-05-19 00:48:30,10.0.0.36,3,0,US,Desktop
2026-05-19 01:04:00,10.0.0.41,3,0,IN,Desktop
2026-05-19 01:18:13,10.0.0.31,3,0,US,Mobile
2026-05-19 01:33:57,10.0.0.70,0,1,US,Desktop
2026-05-19 01:48:21,10.0.0.92,1,1,DE,Mobile
2026-05-19 02:03:32,10.0.0.51,0,1,DE,Tablet
2026-05-19 02:18:18,10.0.0.29,3,0,IN,Tablet
2026-05-19 02:33:56,10.0.0.5,2,1,IN,Mobile
2026-05-19 02:49:04,10.0.0.92,2,1,FR,Mobile
2026-05-19 03:03:22,10.0.0.95,3,0,IN,Desktop
2026-05-19 03:18:41,10.0.0.48,3,0,IN,Desktop
2026-05-19 03:33:36,10.0.0.32,2,1,IN,Tablet
2026-05-19 03:48:33,10.0.0.25,3,0,DE,Tablet
2026-05-19 04:03:43,10.0.0.79,1,1,IN,Desktop
2026-05-19 04:18:50,10.0.0.34,0,1,UK,Mobile
2026-05-19 04:33:37,10.0.0.91,2,1,UK,Tablet
2026-05-19 04:48:41,10.0.0.13,2,1,US,Desktop
2026-05-19 05:03:12,10.0.0.84,2,1,FR,Desktop
2026-05-19 05:18:16,10.0.0.99,3,0,FR,Desktop
2026-05-19 05:33:13,10.0.0.18,1,1,DE,Desktop
2026-05-19 05:48:30,10.0.0.36,3,0,IN,Desktop
2026-05-19 06:03:50,10.0.0.84,0,1,US,Tablet
2026-05-19 06:18:35,10.0.0.54,1,1,UK,Tablet
2026-05-19 06:34:03,10.0.0.19,0,1,IN,Desktop
2026-05-19 06:48:22,192.168.1.178,37,0,RU,Desktop
2026-05-19 07:03:58,10.0.0.21,2,1,DE,Desktop
2026-05-19 07:18:21,10.0.0.38,1,1,US,Tablet
2026-05-19 07:33:50,10.0.0.60,2,1,FR,Desktop
2026-05-19 07:48:42,10.0.0.57,2,1,FR,Desktop
2026-05-19 08:03:57,10.0.0.48,3,0,IN,Desktop
2026-05-19 08:19:06,192.168.1.164,18,0,CN,Desktop
2026-05-19 08:33:56,10.0.0.13,2,1,FR,Tablet
2026-05-19 08:48:34,10.0.0.83,3,0,DE,Mobile
2026-05-19 09:04:00,10.0.0.7,3,0,FR,Desktop
2026-05-19 09:18:25,10.0.0.65,2,1,US,Mobile
2026-05-19 09:33:29,10.0.0.90,0,1,IN,Desktop
2026-05-19 09:48:53,10.0.0.19,0,1,FR,Tablet
2026-05-19 10:03:26,10.0.0.98,3,0,UK,Tablet
2026-05-19 10:18:41,10.0.0.51,2,1,US,Tablet
2026-05-19 10:34:01,10.0.0.79,3,0,DE,Mobile
2026-05-19 10:48:18,10.0.0.65,0,1,UK,Tablet
2026-05-19 11:03:19,10.0.0.69,2,1,DE,Desktop
2026-05-19 11:18:19,10.0.0.83,0,1,UK,Tablet
2026-05-19 11:33:50,10.0.0.96,2,1,UK,Tablet
2026-05-19 11:48:30,10.0.0.6,2,1,FR,Desktop
2026-05-19 12:03:14,10.0.0.26,1,1,IN,Mobile
2026-05-19 12:18:22,10.0.0.83,2,1,IN,Tablet
2026-05-19 12:33:24,10.0.0.86,3,0,IN,Tablet
2026-05-19 12:48:59,10.0.0.97,3,0,US,Tablet
2026-05-19 13:03:09,10.0.0.81,1,1,US,Mobile
2026-05-19 13:18:33,10.0.0.78,1,1,US,Mobile
2026-05-19 13:33:42,10.0.0.100,1,1,IN,Tablet
2026-05-19 13:48:44,10.0.0.51,1,1,UK,Mobile
2026-05-19 14:03:29,10.0.0.52,2,1,UK,Tablet
2026-05-19 14:18:12,10.0.0.25,1,1,UK,Tablet
2026-05-19 14:33:41,10.0.0.92,0,1,FR,Mobile
2026-05-19 14:48:48,10.0.0.29,3,0,FR,Desktop
2026-05-19 15:04:07,10.0.0.85,3,0,DE,Desktop
2026-05-19 15:18:29,10.0.0.100,3,0,DE,Mobile
2026-05-19 15:33:19,10.0.0.20,0,1,US,Desktop
2026-05-19 15:48:47,10.0.0.88,3,0,US,Desktop
2026-05-19 16:03:31,10.0.0.90,1,1,UK,Mobile
2026-05-19 16:18:56,10.0.0.6,0,1,FR,Desktop
2026-05-19 16:33:36,10.0.0.52,0,1,DE,Mobile
2026-05-19 16:48:11,10.0.0.70,0,1,US,Tablet
2026-05-19 17:03:34,10.0.0.86,1,1,FR,Desktop
2026-05-19 17:19:06,10.0.0.98,3,0,UK,Tablet
2026-05-19 17:33:40,10.0.0.77,2,1,US,Tablet
2026-05-19 17:48:21,10.0.0.17,2,1,DE,Mobile
2026-05-19 18:03:09,10.0.0.56,3,0,FR,Mobile
2026-05-19 18:19:06,10.0.0.40,0,1,US,Desktop
2026-05-19 18:33:35,10.0.0.51,2,1,FR,Tablet
2026-05-19 18:48:13,10.0.0.67,3,0,IN,Mobile
2026-05-19 19:03:30,10.0.0.87,0,1,UK,Mobile
2026-05-19 19:18:12,10.0.0.87,0,1,DE,Mobile
2026-05-19 19:33:26,10.0.0.79,2,1,US,Mobile
2026-05-19 19:48:26,10.0.0.5,2,1,DE,Desktop
2026-05-19 20:03:29,10.0.0.86,1,1,US,Mobile
2026-05-19 20:18:23,10.0.0.35,3,0,IN,Desktop
2026-05-19 20:33:28,10.0.0.12,3,0,FR,Mobile
2026-05-19 20:48:30,10.0.0.37,2,1,UK,Mobile
2026-05-19 21:03:42,10.0.0.56,0,1,US,Desktop
2026-05-19 21:18:46,10.0.0.48,3,0,IN,Desktop
2026-05-19 21:34:02,10.0.0.29,2,1,FR,Tablet
2026-05-19 21:48:46,10.0.0.88,2,1,IN,Mobile
2026-05-19 22:03:33,10.0.0.98,0,1,DE,Tablet
2026-05-19 22:18:30,10.0.0.86,2,1,FR,Desktop
2026-05-19 22:33:38,10.0.0.45,2,1,FR,Mobile
2026-05-19 22:48:32,10.0.0.8,2,1,IN,Tablet
2026-05-19 23:03:23,10.0.0.7,2,1,DE,Tablet
2026-05-19 23:19:01,10.0.0.23,0,1,US,Desktop
2026-05-19 23:33:09,10.0.0.40,3,0,FR,Mobile
2026-05-19 23:48:42,10.0.0.10,0,1,US,Mobile
2026-05-20 00:03:42,10.0.0.1,3,0,DE,Mobile
2026-05-20 00:19:06,192.168.1.143,45,0,RU,Desktop
2026-05-20 00:33:28,10.0.0.73,3,0,US,Desktop
2026-05-20 00:48:16,10.0.0.14,3,0,IN,Mobile
2026-05-20 01:03:09,10.0.0.63,0,1,FR,Mobile
2026-05-20 01:18:18,10.0.0.81,1,1,IN,Mobile
2026-05-20 01:33:38,10.0.0.5,1,1,DE,Tablet
2026-05-20 01:49:05,10.0.0.78,1,1,IN,Mobile
2026-05-20 02:03:53,10.0.0.70,2,1,FR,Tablet
2026-05-20 02:18:35,10.0.0.92,1,1,FR,Mobile
2026-05-20 02:33:32,10.0.0.23,1,1,FR,Desktop
2026-05-20 02:49:08,10.0.0.1,1,1,US,Tablet
2026-05-20 03:03:59,10.0.0.57,2,1,IN,Mobile
2026-05-20 03:18:13,10.0.0.40,1,1,FR,Tablet
2026-05-20 03:33:30,10.0.0.95,3,0,DE,Mobile
2026-05-20 03:48:41,192.168.1.113,40,0,CN,Desktop
2026-05-20 04:03:29,10.0.0.72,1,1,UK,Mobile
2026-05-20 04:18:32,10.0.0.20,3,0,IN,Tablet
2026-05-20 04:33:32,10.0.0.39,0,1,UK,Tablet
2026-05-20 04:49:00,10.0.0.4,3,0,US,Desktop
2026-05-20 05:03:23,10.0.0.4,2,1,UK,Tablet
2026-05-20 05:18:11,10.0.0.44,3,0,DE,Tablet
2026-05-20 05:33:25,10.0.0.34,1,1,UK,Desktop
2026-05-20 05:48:51,10.0.0.63,0,1,IN,Desktop
2026-05-20 06:03:42,10.0.0.64,1,1,US,Desktop
2026-05-20 06:18:43,10.0.0.16,3,0,IN,Tablet
2026-05-20 06:33:24,10.0.0.43,0,1,UK,Mobile
2026-05-20 06:48:45,10.0.0.74,3,0,IN,Mobile
2026-05-20 07:04:02,192.168.1.127,32,0,CN,Desktop
2026-05-20 07:18:37,192.168.1.116,20,0,CN,Desktop
2026-05-20 07:33:34,10.0.0.56,2,1,US,Mobile
2026-05-20 07:48:15,10.0.0.20,1,1,FR,Tablet
2026-05-20 08:03:41,10.0.0.39,0,1,UK,Tablet
2026-05-20 08:19:04,10.0.0.61,3,0,UK,Desktop
2026-05-20 08:33:23,10.0.0.70,1,1,US,Tablet
2026-05-20 08:49:00,10.0.0.70,2,1,DE,Tablet
2026-05-20 09:03:13,10.0.0.49,3,0,UK,Tablet
2026-05-20 09:18:43,10.0.0.71,2,1,US,Desktop
2026-05-20 09:33:33,10.0.0.43,1,1,DE,Mobile
2026-05-20 09:49:07,10.0.0.63,2,1,US,Desktop
2026-05-20 10:03:27,10.0.0.87,3,0,US,Mobile
2026-05-20 10:18:40,10.0.0.52,3,0,DE,Desktop
2026-05-20 10:33:53,10.0.0.91,1,1,US,Tablet
2026-05-20 10:49:06,10.0.0.18,1,1,DE,Desktop
2026-05-20 11:03:49,10.0.0.4,3,0,FR,Desktop
2026-05-20 11:18:10,10.0.0.2,2,1,UK,Desktop
2026-05-20 11:33:32,10.0.0.60,0,1,DE,Desktop
2026-05-20 11:48:46,10.0.0.64,0,1,DE,Mobile
2026-05-20 12:03:45,10.0.0.17,3,0,DE,Desktop
2026-05-20 12:18:11,10.0.0.15,2,1,DE,Tablet
2026-05-20 12:33:54,10.0.0.6,3,0,FR,Mobile
2026-05-20 12:48:19,10.0.0.54,3,0,IN,Tablet
2026-05-20 13:03:34,10.0.0.52,2,1,FR,Mobile
2026-05-20 13:18:40,10.0.0.63,1,1,DE,Mobile
2026-05-20 13:33:30,10.0.0.63,0,1,DE,Desktop
2026-05-20 13:48:25,10.0.0.12,0,1,FR,Tablet
2026-05-20 14:04:00,10.0.0.69,1,1,FR,Mobile
2026-05-20 14:18:09,10.0.0.29,1,1,DE,Tablet
2026-05-20 14:33:27,10.0.0.54,1,1,IN,Desktop
2026-05-20 14:48:42,10.0.0.72,0,1,UK,Mobile
2026-05-20 15:03:57,10.0.0.26,0,1,DE,Tablet
2026-05-20 15:18:57,10.0.0.62,0,1,US,Tablet
2026-05-20 15:33:52,10.0.0.75,3,0,UK,Desktop
2026-05-20 15:48:51,10.0.0.31,3,0,DE,Desktop
2026-05-20 16:03:24,10.0.0.88,2,1,US,Mobile
2026-05-20 16:18:13,192.168.1.206,10,0,RU,Desktop
2026-05-20 16:34:04,10.0.0.95,3,0,UK,Desktop
2026-05-20 16:48:22,10.0.0.59,1,1,IN,Tablet
2026-05-20 17:04:06,10.0.0.55,0,1,US,Mobile
2026-05-20 17:18:56,10.0.0.4,2,1,US,Desktop
2026-05-20 17:33:51,192.168.1.137,18,0,CN,Desktop
2026-05-20 17:48:10,10.0.0.28,2,1,IN,Tablet
2026-05-20 18:03:32,10.0.0.6,2,1,DE,Mobile
2026-05-20 18:18:46,192.168.1.245,43,0,RU,Desktop
2026-05-20 18:33:57,192.168.1.154,50,0,CN,Desktop
2026-05-20 18:48:51,10.0.0.13,2,1,UK,Mobile
2026-05-20 19:04:09,10.0.0.96,0,1,DE,Desktop
2026-05-20 19:18:27,10.0.0.6,2,1,FR,Mobile
2026-05-20 19:33:51,192.168.1.112,28,0,CN,Desktop
2026-05-20 19:48:30,10.0.0.100,3,0,UK,Tablet
2026-05-20 20:03:59,192.168.1.147,44,0,RU,Desktop
2026-05-20 20:18:27,10.0.0.59,1,1,IN,Desktop
2026-05-20 20:33:51,10.0.0.19,3,0,IN,Tablet
2026-05-20 20:48:57,192.168.1.161,12,0,CN,Desktop
2026-05-20 21:03:37,10.0.0.72,3,0,DE,Tablet
2026-05-20 21:18:29,10.0.0.47,1,1,UK,Mobile
2026-05-20 21:33:31,10.0.0.24,0,1,DE,Mobile
2026-05-20 21:48:25,10.0.0.69,3,0,UK,Desktop
2026-05-20 22:03:56,10.0.0.38,1,1,UK,Tablet
2026-05-20 22:18:53,10.0.0.44,2,1,FR,Tablet
2026-05-20 22:33:16,10.0.0.74,2,1,DE,Desktop
2026-05-20 22:48:52,10.0.0.34,0,1,IN,Tablet
2026-05-20 23:04:04,10.0.0.41,3,0,UK,Desktop
2026-05-20 23:18:21,10.0.0.46,1,1,US,Tablet
2026-05-20 23:34:02,10.0.0.40,0,1,UK,Mobile
2026-05-20 23:48:56,10.0.0.25,2,1,DE,Mobile
2026-05-21 00:03:32,10.0.0.89,1,1,IN,Mobile
2026-05-21 00:18:15,10.0.0.6,1,1,DE,Tablet
2026-05-21 00:33:52,10.0.0.73,2,1,IN,Tablet
2026-05-21 00:48:09,10.0.0.27,2,1,FR,Mobile
2026-05-21 01:03:48,10.0.0.20,3,0,UK,Mobile
2026-05-21 01:18:52,192.168.1.182,43,0,CN,Desktop
2026-05-21 01:33:12,192.168.1.150,19,0,CN,Desktop
2026-05-21 01:48:30,10.0.0.100,2,1,UK,Tablet
2026-05-21 02:03:23,10.0.0.26,2,1,UK,Tablet
2026-05-21 02:18:36,10.0.0.30,1,1,DE,Mobile
2026-05-21 02:33:39,10.0.0.49,2,1,IN,Mobile
2026-05-21 02:48:36,10.0.0.9,3,0,US,Mobile
2026-05-21 03:03:23,10.0.0.83,1,1,DE,Desktop
2026-05-21 03:19:01,10.0.0.46,3,0,IN,Mobile
2026-05-21 03:33:19,10.0.0.93,3,0,US,Desktop
2026-05-21 03:48:11,10.0.0.94,0,1,US,Desktop
2026-05-21 04:04:08,10.0.0.13,3,0,US,Mobile
2026-05-21 04:18:10,10.0.0.51,2,1,IN,Mobile
2026-05-21 04:33:40,10.0.0.22,0,1,DE,Desktop
2026-05-21 04:48:38,10.0.0.2,1,1,IN,Desktop
2026-05-21 05:04:00,10.0.0.19,0,1,DE,Desktop
2026-05-21 05:19:03,10.0.0.61,2,1,FR,Mobile
2026-05-21 05:33:35,10.0.0.70,2,1,FR,Desktop
2026-05-21 05:48:49,10.0.0.7,2,1,UK,Desktop
2026-05-21 06:03:23,192.168.1.184,46,0,CN,Desktop
2026-05-21 06:19:04,10.0.0.76,3,0,FR,Tablet
2026-05-21 06:33:17,10.0.0.41,1,1,UK,Tablet
2026-05-21 06:48:34,10.0.0.59,1,1,UK,Tablet
2026-05-21 07:03:47,10.0.0.53,0,1,DE,Mobile
2026-05-21 07:18:37,10.0.0.34,1,1,DE,Tablet
2026-05-21 07:33:39,10.0.0.56,1,1,UK,Desktop
2026-05-21 07:48:09,10.0.0.7,0,1,UK,Tablet
2026-05-21 08:03:14,10.0.0.90,2,1,FR,Desktop
2026-05-21 08:18:25,10.0.0.24,2,1,US,Tablet
2026-05-21 08:33:45,10.0.0.99,2,1,IN,Tablet
2026-05-21 08:48:41,10.0.0.31,2,1,FR,Mobile
2026-05-21 09:04:07,10.0.0.43,2,1,FR,Mobile
2026-05-21 09:19:05,10.0.0.25,1,1,UK,Tablet
2026-05-21 09:34:09,10.0.0.22,0,1,IN,Tablet
2026-05-21 09:48:40,10.0.0.71,1,1,FR,Mobile
2026-05-21 10:03:20,10.0.0.78,2,1,FR,Desktop
2026-05-21 10:19:03,10.0.0.41,2,1,US,Tablet
2026-05-21 10:33:13,10.0.0.96,1,1,FR,Mobile
2026-05-21 10:48:39,10.0.0.81,1,1,IN,Mobile
2026-05-21 11:03:35,10.0.0.36,1,1,IN,Mobile
2026-05-21 11:18:35,10.0.0.87,1,1,FR,Mobile
2026-05-21 11:33:27,10.0.0.12,3,0,UK,Desktop
2026-05-21 11:48:22,192.168.1.134,13,0,RU,Desktop
2026-05-21 12:03:31,10.0.0.94,2,1,US,Mobile
2026-05-21 12:18:35,10.0.0.36,0,1,DE,Tablet
2026-05-21 12:33:53,10.0.0.60,0,1,FR,Mobile
2026-05-21 12:49:04,10.0.0.46,2,1,DE,Tablet
2026-05-21 13:03:44,10.0.0.57,3,0,FR,Desktop
2026-05-21 13:19:00,10.0.0.18,1,1,FR,Desktop
2026-05-21 13:33:56,10.0.0.68,0,1,IN,Tablet
2026-05-21 13:48:13,10.0.0.54,1,1,IN,Mobile
2026-05-21 14:03:49,192.168.1.183,39,0,RU,Desktop
2026-05-21 14:18:23,10.0.0.90,2,1,UK,Mobile
2026-05-21 14:34:01,10.0.0.60,2,1,DE,Mobile
2026-05-21 14:48:24,10.0.0.27,2,1,IN,Desktop
2026-05-21 15:03:11,10.0.0.46,0,1,US,Desktop
2026-05-21 15:18:18,192.168.1.232,36,0,CN,Desktop
2026-05-21 15:33:30,10.0.0.31,1,1,FR,Tablet
2026-05-21 15:48:53,10.0.0.77,1,1,IN,Tablet
2026-05-21 16:03:51,192.168.1.143,35,0,CN,Desktop
2026-05-21 16:18:45,10.0.0.37,1,1,UK,Desktop
2026-05-21 16:33:52,10.0.0.10,1,1,UK,Desktop
2026-05-21 16:48:53,10.0.0.92,2,1,US,Desktop
2026-05-21 17:03:16,10.0.0.47,1,1,DE,Tablet
2026-05-21 17:18:19,10.0.0.66,3,0,FR,Mobile
2026-05-21 17:34:07,10.0.0.82,3,0,UK,Desktop
2026-05-21 17:48:31,10.0.0.77,0,1,DE,Mobile
2026-05-21 18:03:36,10.0.0.8,1,1,IN,Desktop
2026-05-21 18:18:25,10.0.0.42,1,1,UK,Mobile
2026-05-21 18:33:20,10.0.0.87,1,1,FR,Mobile
2026-05-21 18:48:25,10.0.0.95,0,1,US,Mobile
2026-05-21 19:03:36,10.0.0.35,1,1,UK,Tablet
2026-05-21 19:18:45,10.0.0.24,0,1,DE,Mobile
2026-05-21 19:33:14,10.0.0.48,1,1,UK,Desktop
2026-05-21 19:48:44,10.0.0.12,3,0,FR,Tablet
2026-05-21 20:03:55,10.0.0.91,3,0,FR,Tablet
2026-05-21 20:18:20,10.0.0.59,0,1,UK,Tablet
2026-05-21 20:33:51,10.0.0.86,0,1,US,Tablet
2026-05-21 20:48:28,10.0.0.18,3,0,IN,Mobile
2026-05-21 21:03:28,10.0.0.41,3,0,US,Mobile
2026-05-21 21:18:31,10.0.0.90,1,1,IN,Tablet
2026-05-21 21:34:03,10.0.0.26,0,1,US,Mobile
2026-05-21 21:48:35,10.0.0.88,2,1,US,Desktop
2026-05-21 22:03:32,10.0.0.11,2,1,IN,Desktop
2026-05-21 22:18:21,10.0.0.11,1,1,FR,Tablet
2026-05-21 22:33:15,10.0.0.22,3,0,IN,Mobile
2026-05-21 22:48:09,10.0.0.83,1,1,IN,Tablet
2026-05-21 23:03:50,10.0.0.79,2,1,IN,Mobile
2026-05-21 23:18:10,10.0.0.14,2,1,FR,Tablet
2026-05-21 23:34:06,10.0.0.75,0,1,DE,Tablet
2026-05-21 23:48:37,10.0.0.9,0,1,US,Desktop
2026-05-22 00:03:38,10.0.0.43,0,1,US,Desktop
2026-05-22 00:18:52,10.0.0.38,2,1,FR,Desktop
2026-05-22 00:33:13,192.168.1.162,47,0,CN,Desktop
2026-05-22 00:48:16,10.0.0.96,3,0,UK,Desktop
2026-05-22 01:03:54,10.0.0.42,2,1,FR,Tablet
2026-05-22 01:18:43,10.0.0.64,0,1,IN,Mobile
2026-05-22 01:33:12,10.0.0.37,3,0,US,Tablet
2026-05-22 01:48:43,10.0.0.100,2,1,IN,Mobile
2026-05-22 02:03:23,10.0.0.62,3,0,IN,Tablet
2026-05-22 02:18:44,10.0.0.69,0,1,DE,Tablet
2026-05-22 02:34:05,10.0.0.48,1,1,DE,Mobile
2026-05-22 02:48:47,10.0.0.33,1,1,UK,Desktop
2026-05-22 03:04:05,10.0.0.48,2,1,IN,Tablet
2026-05-22 03:18:55,10.0.0.60,3,0,FR,Desktop
2026-05-22 03:33:43,10.0.0.88,2,1,US,Desktop
2026-05-22 03:48:40,10.0.0.62,0,1,US,Mobile
2026-05-22 04:03:09,10.0.0.76,0,1,UK,Desktop
2026-05-22 04:19:05,10.0.0.23,3,0,US,Tablet
2026-05-22 04:33:54,10.0.0.25,3,0,IN,Tablet
2026-05-22 04:48:28,10.0.0.79,1,1,UK,Tablet
2026-05-22 05:03:39,10.0.0.10,0,1,US,Tablet
2026-05-22 05:18:21,10.0.0.84,3,0,UK,Mobile
2026-05-22 05:33:59,192.168.1.246,16,0,RU,Desktop
2026-05-22 05:48:15,10.0.0.52,1,1,US,Tablet
2026-05-22 06:03:47,10.0.0.14,2,1,DE,Mobile
2026-05-22 06:18:29,192.168.1.159,47,0,RU,Desktop
2026-05-22 06:34:05,10.0.0.79,2,1,DE,Tablet
2026-05-22 06:49:05,10.0.0.4,0,1,FR,Mobile
2026-05-22 07:03:46,10.0.0.2,1,1,UK,Desktop
2026-05-22 07:18:22,10.0.0.88,2,1,UK,Tablet
2026-05-22 07:33:52,10.0.0.10,2,1,UK,Mobile
2026-05-22 07:48:28,10.0.0.5,3,0,DE,Desktop
2026-05-22 08:03:17,10.0.0.56,3,0,IN,Tablet
2026-05-22 08:18:20,10.0.0.31,0,1,IN,Mobile
2026-05-22 08:33:23,10.0.0.74,0,1,UK,Desktop
2026-05-22 08:48:22,10.0.0.61,0,1,FR,Mobile
2026-05-22 09:03:49,10.0.0.81,0,1,IN,Mobile
2026-05-22 09:18:21,10.0.0.57,2,1,US,Desktop
2026-05-22 09:33:26,10.0.0.7,2,1,US,Mobile
2026-05-22 09:48:50,10.0.0.71,3,0,IN,Mobile
2026-05-22 10:03:13,192.168.1.218,31,0,CN,Desktop
2026-05-22 10:18:48,10.0.0.31,2,1,US,Tablet
2026-05-22 10:33:54,10.0.0.79,0,1,US,Mobile
2026-05-22 10:48:34,10.0.0.90,2,1,US,Tablet
2026-05-22 11:03:13,10.0.0.68,3,0,US,Tablet
2026-05-22 11:18:46,10.0.0.76,0,1,IN,Desktop
2026-05-22 11:33:43,10.0.0.17,1,1,UK,Desktop
2026-05-22 11:48:30,10.0.0.29,0,1,UK,Desktop
2026-05-22 12:03:30,10.0.0.33,1,1,IN,Desktop
2026-05-22 12:18:10,10.0.0.19,0,1,US,Desktop
2026-05-22 12:34:05,10.0.0.74,1,1,US,Tablet
2026-05-22 12:48:44,10.0.0.5,0,1,IN,Desktop
2026-05-22 13:03:16,192.168.1.120,37,0,CN,Desktop
2026-05-22 13:18:50,10.0.0.28,2,1,DE,Tablet
2026-05-22 13:33:33,192.168.1.102,48,0,CN,Desktop
2026-05-22 13:49:06,10.0.0.47,0,1,UK,Tablet
2026-05-22 14:03:22,10.0.0.39,1,1,FR,Tablet
2026-05-22 14:19:01,10.0.0.86,1,1,UK,Tablet
2026-05-22 14:33:43,10.0.0.85,1,1,FR,Desktop
2026-05-22 14:48:55,10.0.0.1,0,1,US,Desktop
2026-05-22 15:03:42,10.0.0.64,3,0,IN,Desktop
2026-05-22 15:18:51,192.168.1.159,18,0,CN,Desktop
2026-05-22 15:34:00,10.0.0.65,3,0,DE,Mobile
2026-05-22 15:48:46,10.0.0.46,2,1,DE,Desktop
2026-05-22 16:03:22,10.0.0.31,0,1,FR,Desktop
2026-05-22 16:19:09,10.0.0.7,0,1,UK,Tablet
2026-05-22 16:33:24,10.0.0.70,0,1,UK,Tablet
2026-05-22 16:48:28,192.168.1.235,37,0,CN,Desktop
2026-05-22 17:03:25,10.0.0.46,2,1,IN,Tablet
2026-05-22 17:19:05,10.0.0.56,3,0,DE,Mobile
2026-05-22 17:33:26,10.0.0.40,1,1,IN,Tablet
2026-05-22 17:48:23,192.168.1.124,23,0,RU,Desktop
2026-05-22 18:03:27,10.0.0.90,1,1,UK,Desktop
2026-05-22 18:18:22,10.0.0.3,2,1,UK,Mobile
2026-05-22 18:33:53,10.0.0.18,1,1,UK,Tablet
2026-05-22 18:48:58,10.0.0.24,0,1,DE,Desktop
2026-05-22 19:03:46,10.0.0.53,3,0,FR,Tablet
2026-05-22 19:18:42,10.0.0.17,2,1,FR,Desktop
2026-05-22 19:33:15,10.0.0.39,0,1,UK,Tablet
2026-05-22 19:48:13,10.0.0.21,1,1,IN,Desktop
2026-05-22 20:03:17,10.0.0.75,2,1,DE,Desktop
2026-05-22 20:18:57,10.0.0.70,3,0,UK,Tablet
2026-05-22 20:33:49,10.0.0.66,3,0,DE,Tablet
2026-05-22 20:48:14,10.0.0.18,3,0,US,Tablet
2026-05-22 21:03:20,10.0.0.63,0,1,FR,Desktop
2026-05-22 21:18:10,10.0.0.48,0,1,FR,Desktop
2026-05-22 21:33:19,10.0.0.23,2,1,US,Tablet
2026-05-22 21:48:19,10.0.0.90,2,1,US,Mobile
2026-05-22 22:03:54,10.0.0.62,0,1,IN,Mobile
2026-05-22 22:18:56,10.0.0.77,0,1,UK,Desktop
2026-05-22 22:33:54,10.0.0.91,0,1,DE,Tablet
2026-05-22 22:49:04,10.0.0.9,3,0,IN,Desktop
2026-05-22 23:03:24,10.0.0.12,1,1,UK,Tablet
2026-05-22 23:18:14,10.0.0.52,2,1,US,Mobile
2026-05-22 23:33:58,10.0.0.16,3,0,UK,Tablet
2026-05-22 23:48:18,10.0.0.88,1,1,US,Tablet
2026-05-23 00:03:21,10.0.0.60,2,1,DE,Desktop
2026-05-23 00:18:42,10.0.0.73,3,0,FR,Mobile
2026-05-23 00:33:27,10.0.0.55,3,0,FR,Mobile
2026-05-23 00:48:22,10.0.0.52,0,1,FR,Mobile
2026-05-23 01:03:33,10.0.0.24,3,0,UK,Mobile
2026-05-23 01:18:20,10.0.0.27,1,1,DE,Desktop
2026-05-23 01:34:07,10.0.0.72,2,1,DE,Tablet
2026-05-23 01:48:41,10.0.0.100,2,1,IN,Mobile
2026-05-23 02:03:22,10.0.0.25,1,1,FR,Tablet
2026-05-23 02:18:44,10.0.0.18,1,1,US,Desktop
2026-05-23 02:33:47,10.0.0.46,2,1,DE,Tablet
2026-05-23 02:48:36,10.0.0.60,0,1,IN,Desktop
2026-05-23 03:03:30,10.0.0.96,3,0,DE,Desktop
2026-05-23 03:18:48,10.0.0.40,1,1,US,Desktop
2026-05-23 03:33:37,10.0.0.67,3,0,FR,Tablet
2026-05-23 03:48:41,10.0.0.32,1,1,DE,Tablet
2026-05-23 04:03:11,10.0.0.15,2,1,UK,Tablet
2026-05-23 04:18:48,192.168.1.235,29,0,CN,Desktop
2026-05-23 04:34:03,10.0.0.17,0,1,DE,Desktop
2026-05-23 04:48:16,10.0.0.71,2,1,FR,Mobile
2026-05-23 05:03:30,10.0.0.35,0,1,IN,Tablet
2026-05-23 05:19:09,10.0.0.24,0,1,FR,Desktop
2026-05-23 05:34:05,10.0.0.32,0,1,DE,Tablet
2026-05-23 05:49:06,10.0.0.74,3,0,UK,Desktop
2026-05-23 06:03:28,192.168.1.104,11,0,CN,Desktop
2026-05-23 06:18:17,10.0.0.3,1,1,US,Mobile
2026-05-23 06:33:42,10.0.0.64,1,1,IN,Mobile
2026-05-23 06:48:59,10.0.0.24,3,0,UK,Mobile
2026-05-23 07:03:23,10.0.0.47,2,1,UK,Tablet
2026-05-23 07:18:48,10.0.0.45,0,1,DE,Tablet
2026-05-23 07:34:01,10.0.0.44,0,1,UK,Desktop
2026-05-23 07:48:41,10.0.0.36,1,1,IN,Mobile
2026-05-23 08:03:29,10.0.0.54,3,0,FR,Desktop
2026-05-23 08:18:18,10.0.0.34,3,0,FR,Mobile
2026-05-23 08:33:41,192.168.1.238,39,0,RU,Desktop
2026-05-23 08:48:18,10.0.0.89,0,1,DE,Mobile
2026-05-23 09:03:35,10.0.0.39,0,1,US,Tablet
2026-05-23 09:19:06,10.0.0.11,3,0,DE,Desktop
2026-05-23 09:33:13,10.0.0.46,3,0,UK,Mobile
2026-05-23 09:49:00,10.0.0.37,0,1,UK,Mobile
2026-05-23 10:03:17,192.168.1.112,40,0,RU,Desktop
2026-05-23 10:19:03,10.0.0.91,2,1,UK,Desktop
2026-05-23 10:33:16,10.0.0.56,2,1,US,Desktop
2026-05-23 10:49:02,10.0.0.91,0,1,DE,Mobile
2026-05-23 11:03:42,10.0.0.46,0,1,US,Desktop
2026-05-23 11:18:46,10.0.0.47,3,0,UK,Tablet
2026-05-23 11:33:22,10.0.0.75,0,1,US,Tablet
2026-05-23 11:48:51,10.0.0.38,0,1,FR,Desktop
2026-05-23 12:03:09,10.0.0.7,3,0,FR,Mobile
2026-05-23 12:19:08,10.0.0.83,3,0,DE,Mobile
2026-05-23 12:33:54,10.0.0.93,1,1,US,Mobile
2026-05-23 12:48:38,192.168.1.232,33,0,CN,Desktop
2026-05-23 13:03:49,10.0.0.24,0,1,FR,Desktop
2026-05-23 13:18:50,10.0.0.15,2,1,DE,Tablet
2026-05-23 13:33:33,10.0.0.36,2,1,FR,Tablet
2026-05-23 13:48:19,10.0.0.11,0,1,IN,Desktop
2026-05-23 14:03:42,10.0.0.15,0,1,UK,Tablet
2026-05-23 14:18:14,10.0.0.26,0,1,DE,Desktop
2026-05-23 14:33:18,10.0.0.11,3,0,IN,Mobile
2026-05-23 14:48:55,10.0.0.66,2,1,UK,Desktop
2026-05-23 15:03:28,10.0.0.75,1,1,IN,Mobile
2026-05-23 15:18:48,10.0.0.39,3,0,DE,Mobile
2026-05-23 15:33:49,10.0.0.2,1,1,DE,Desktop
2026-05-23 15:48:12,10.0.0.15,0,1,DE,Desktop
2026-05-23 16:03:48,10.0.0.11,1,1,IN,Desktop
2026-05-23 16:18:56,10.0.0.60,0,1,US,Desktop
2026-05-23 16:33:36,10.0.0.68,0,1,UK,Mobile
2026-05-23 16:48:56,10.0.0.86,0,1,FR,Desktop
2026-05-23 17:04:04,10.0.0.75,0,1,FR,Tablet
2026-05-23 17:18:30,10.0.0.91,3,0,US,Desktop
2026-05-23 17:34:06,10.0.0.32,2,1,UK,Tablet
2026-05-23 17:48:27,10.0.0.26,1,1,DE,Desktop
2026-05-23 18:03:51,10.0.0.39,1,1,FR,Tablet
2026-05-23 18:19:07,10.0.0.39,0,1,FR,Tablet
2026-05-23 18:33:59,10.0.0.10,3,0,IN,Tablet
2026-05-23 18:48:36,10.0.0.47,3,0,US,Tablet
2026-05-23 19:03:39,10.0.0.5,3,0,FR,Desktop
2026-05-23 19:18:18,10.0.0.98,2,1,FR,Tablet
2026-05-23 19:33:21,10.0.0.54,1,1,DE,Mobile
2026-05-23 19:49:03,10.0.0.33,0,1,IN,Tablet
2026-05-23 20:04:09,10.0.0.86,1,1,US,Tablet
2026-05-23 20:18:24,10.0.0.51,3,0,DE,Tablet
2026-05-23 20:34:02,10.0.0.37,2,1,DE,Tablet
2026-05-23 20:48:34,10.0.0.69,0,1,UK,Tablet
2026-05-23 21:03:12,10.0.0.9,2,1,US,Desktop
2026-05-23 21:18:44,10.0.0.100,0,1,US,Desktop
2026-05-23 21:33:28,10.0.0.31,0,1,DE,Tablet
2026-05-23 21:49:01,10.0.0.16,3,0,IN,Mobile
2026-05-23 22:03:51,10.0.0.90,1,1,FR,Mobile
2026-05-23 22:18:32,192.168.1.227,33,0,CN,Desktop
2026-05-23 22:34:09,10.0.0.55,0,1,US,Tablet
2026-05-23 22:48:30,10.0.0.24,2,1,US,Tablet
2026-05-23 23:03:10,10.0.0.13,3,0,IN,Tablet
2026-05-23 23:18:18,10.0.0.38,3,0,DE,Mobile
2026-05-23 23:33:36,10.0.0.62,2,1,US,Mobile
2026-05-23 23:48:16,10.0.0.85,0,1,FR,Tablet
2026-05-24 00:03:16,10.0.0.8,1,1,US,Desktop
2026-05-24 00:19:00,10.0.0.42,0,1,US,Desktop
2026-05-24 00:33:25,10.0.0.50,2,1,DE,Desktop
2026-05-24 00:48:39,10.0.0.20,1,1,FR,Mobile
2026-05-24 01:03:53,10.0.0.97,1,1,US,Tablet
2026-05-24 01:18:16,10.0.0.89,0,1,IN,Desktop
2026-05-24 01:33:59,10.0.0.100,1,1,IN,Tablet
2026-05-24 01:48:21,10.0.0.64,2,1,FR,Desktop
2026-05-24 02:03:58,10.0.0.12,1,1,FR,Tablet
2026-05-24 02:18:22,10.0.0.20,1,1,UK,Tablet
2026-05-24 02:33:58,10.0.0.23,1,1,FR,Tablet
2026-05-24 02:48:30,10.0.0.59,1,1,US,Desktop
2026-05-24 03:04:04,10.0.0.46,1,1,FR,Tablet
2026-05-24 03:19:08,192.168.1.159,44,0,CN,Desktop
2026-05-24 03:33:56,192.168.1.131,27,0,CN,Desktop
2026-05-24 03:48:58,10.0.0.83,0,1,FR,Desktop
2026-05-24 04:03:23,10.0.0.83,1,1,DE,Tablet
2026-05-24 04:18:27,10.0.0.96,3,0,US,Mobile
2026-05-24 04:34:05,10.0.0.77,2,1,IN,Mobile
2026-05-24 04:48:33,10.0.0.20,3,0,US,Tablet
2026-05-24 05:03:50,10.0.0.34,3,0,IN,Mobile
2026-05-24 05:19:06,10.0.0.40,1,1,DE,Mobile
2026-05-24 05:33:47,10.0.0.24,3,0,US,Tablet
2026-05-24 05:48:46,10.0.0.58,1,1,UK,Tablet
2026-05-24 06:04:08,10.0.0.68,0,1,IN,Desktop
2026-05-24 06:18:51,10.0.0.3,0,1,UK,Mobile
2026-05-24 06:33:41,10.0.0.30,1,1,IN,Mobile
2026-05-24 06:48:52,10.0.0.41,2,1,DE,Mobile
2026-05-24 07:03:34,10.0.0.62,1,1,FR,Desktop
2026-05-24 07:19:06,10.0.0.70,3,0,DE,Tablet
2026-05-24 07:33:54,10.0.0.3,3,0,IN,Tablet
2026-05-24 07:48:25,10.0.0.79,1,1,UK,Tablet
2026-05-24 08:03:34,10.0.0.46,3,0,US,Mobile
2026-05-24 08:18:44,10.0.0.13,3,0,DE,Mobile
2026-05-24 08:34:08,10.0.0.43,3,0,US,Desktop
2026-05-24 08:49:08,10.0.0.52,2,1,UK,Mobile
2026-05-24 09:03:44,10.0.0.89,2,1,DE,Tablet
2026-05-24 09:18:09,10.0.0.16,1,1,UK,Mobile
2026-05-24 09:33:38,10.0.0.77,2,1,DE,Tablet
2026-05-24 09:48:14,10.0.0.38,2,1,FR,Mobile
2026-05-24 10:03:16,10.0.0.99,1,1,IN,Tablet
2026-05-24 10:19:01,10.0.0.40,1,1,US,Tablet
2026-05-24 10:34:01,10.0.0.48,2,1,UK,Tablet
2026-05-24 10:49:04,10.0.0.27,3,0,UK,Mobile
2026-05-24 11:03:33,10.0.0.52,2,1,UK,Desktop
2026-05-24 11:18:54,10.0.0.86,3,0,IN,Mobile
2026-05-24 11:33:31,10.0.0.31,2,1,DE,Desktop
2026-05-24 11:48:46,10.0.0.98,0,1,IN,Tablet
2026-05-24 12:03:14,10.0.0.91,3,0,UK,Mobile
2026-05-24 12:18:20,192.168.1.122,11,0,RU,Desktop
2026-05-24 12:33:58,10.0.0.69,0,1,FR,Tablet
2026-05-24 12:48:52,10.0.0.16,1,1,DE,Mobile
2026-05-24 13:03:38,10.0.0.40,3,0,DE,Desktop
2026-05-24 13:18:27,10.0.0.40,2,1,US,Mobile
2026-05-24 13:33:48,10.0.0.75,1,1,FR,Mobile
2026-05-24 13:48:25,10.0.0.18,1,1,US,Desktop
2026-05-24 14:03:44,10.0.0.64,0,1,DE,Tablet
2026-05-24 14:18:13,10.0.0.68,0,1,US,Desktop
2026-05-24 14:33:48,10.0.0.2,3,0,US,Mobile
2026-05-24 14:49:05,10.0.0.44,0,1,DE,Desktop
2026-05-24 15:03:34,10.0.0.63,2,1,DE,Desktop
2026-05-24 15:18:35,10.0.0.83,3,0,UK,Tablet
2026-05-24 15:33:41,10.0.0.31,0,1,US,Mobile
2026-05-24 15:48:09,10.0.0.23,0,1,FR,Mobile
2026-05-24 16:04:09,10.0.0.35,1,1,IN,Desktop
2026-05-24 16:19:00,10.0.0.11,0,1,FR,Desktop
2026-05-24 16:33:29,10.0.0.77,1,1,DE,Tablet
2026-05-24 16:48:22,10.0.0.43,3,0,FR,Desktop
2026-05-24 17:03:15,10.0.0.1,2,1,IN,Tablet
2026-05-24 17:18:18,10.0.0.59,1,1,DE,Desktop
2026-05-24 17:33:14,10.0.0.5,2,1,DE,Desktop
2026-05-24 17:48:13,10.0.0.59,0,1,FR,Tablet
2026-05-24 18:03:17,10.0.0.7,1,1,IN,Desktop
2026-05-24 18:18:19,10.0.0.97,0,1,IN,Mobile
2026-05-24 18:33:57,10.0.0.53,3,0,US,Desktop
2026-05-24 18:48:53,10.0.0.100,1,1,DE,Tablet
2026-05-24 19:03:54,10.0.0.92,2,1,FR,Desktop
2026-05-24 19:18:12,10.0.0.2,2,1,US,Tablet
2026-05-24 19:34:09,10.0.0.66,2,1,IN,Desktop
2026-05-24 19:48:18,10.0.0.83,0,1,FR,Tablet
2026-05-24 20:03:52,10.0.0.9,3,0,US,Desktop
2026-05-24 20:18:45,10.0.0.20,0,1,DE,Mobile
2026-05-24 20:33:29,10.0.0.100,1,1,IN,Desktop
2026-05-24 20:48:42,10.0.0.9,3,0,DE,Mobile
2026-05-24 21:03:32,10.0.0.75,2,1,US,Tablet
2026-05-24 21:18:13,10.0.0.53,3,0,US,Tablet
2026-05-24 21:33:37,10.0.0.3,3,0,FR,Mobile
2026-05-24 21:48:39,10.0.0.48,1,1,US,Desktop
2026-05-24 22:03:38,10.0.0.60,3,0,IN,Mobile
2026-05-24 22:19:08,10.0.0.92,2,1,IN,Tablet
2026-05-24 22:33:23,10.0.0.18,3,0,UK,Mobile
2026-05-24 22:48:20,10.0.0.74,0,1,US,Desktop
2026-05-24 23:03:21,10.0.0.3,0,1,FR,Tablet
2026-05-24 23:18:27,10.0.0.79,2,1,UK,Desktop
2026-05-24 23:34:03,10.0.0.97,3,0,IN,Desktop
2026-05-24 23:48:36,10.0.0.96,2,1,US,Tablet
2026-05-25 00:03:15,10.0.0.48,2,1,US,Desktop
2026-05-25 00:18:16,10.0.0.41,2,1,UK,Tablet
2026-05-25 00:34:06,10.0.0.6,1,1,IN,Mobile
2026-05-25 00:49:07,10.0.0.75,0,1,FR,Mobile
2026-05-25 01:03:51,10.0.0.33,1,1,US,Desktop
2026-05-25 01:18:45,10.0.0.59,1,1,IN,Mobile
